1,2022-05-23,0,0,0,0,0,0,0,0
2,2022-05-22,0,0,0,0,0,0,0,0
3,2022-05-21,0,0,0,0,0,0,0,0
4,2022-05-20,0,0,0,0,0,0,0,0
5,2022-05-19,0,0,0,0,0,0,0,0
6,2022-05-18,0,0,0,0,0,0,0,0
7,2022-05-17,83205,0,12991,96196,9841113,8857374,26439,112623
8,2022-05-16,67701,0,27429,95130,9729489,8830935,27747,96838
9,2022-05-15,62286,0,17340,79626,9633462,8803188,16667,75258
10,2022-05-14,68926,0,20186,89112,9558371,8786521,21337,95193
11,2022-05-13,65475,0,24407,89882,9464191,8765184,25775,90622
12,2022-05-12,66047,0,24506,90553,9374088,8739409,26929,90052
13,2022-05-11,65498,0,27364,92862,9284358,8712480,28019,92766
14,2022-05-10,69221,0,28240,97461,9191841,8684461,48078,117778
15,2022-05-09,39826,0,33177,73003,9074309,8636383,16864,55900
16,2022-05-08,40825,0,19615,60440,9018466,8619519,28851,65275
17,2022-05-07,43755,0,27688,71443,8953831,8596952,28851,73906
18,2022-05-06,45064,0,34712,79776,8882852,8568101,31406,76592
19,2022-05-05,33980,0,31083,65063,8806655,8536695,32711,66734
20,2022-05-04,29604,0,33968,63572,8740450,8503984,34500,66063
21,2022-05-03,28218,0,36865,65083,8674722,8469484,43361,72039
22,2022-05-02,22818,0,43108,65926,8602849,8426123,42391,65803
23,2022-05-01,18862,0,31458,50320,8537162,8383732,31074,50277
24,2022-04-30,17564,0,38665,56229,8486964,8352658,40785,57413
25,2022-04-29,15293,0,46727,62020,8429657,8311873,43094,58430
26,2022-04-28,12482,0,45063,57545,8371328,8268779,49880,62361
27,2022-04-27,12018,0,54236,66254,8309027,8218899,52774,64592
28,2022-04-26,9184,0,55148,64332,8244479,8166125,61068,70380
29,2022-04-25,6990,0,61820,68810,8174134,8105057,57972,64648
30,2022-04-24,5627,0,42456,48083,8109514,8047085,38037,43834
31,2022-04-23,5269,0,43831,49100,8065698,8009048,49560,54459
32,2022-04-22,4472,0,55289,59761,8011272,7959488,55712,59537
33,2022-04-21,4132,0,53054,57186,7951754,7903776,54474,58847
34,2022-04-20,3165,0,56488,59653,7892915,7849302,58103,61231
35,2022-04-19,2493,0,54840,57333,7831697,7791199,51480,53729
36,2022-04-18,1853,0,55286,57139,7777985,7739719,51314,53243
37,2022-04-17,1539,0,33438,34977,7724748,7688405,34164,35662
38,2022-04-16,1543,0,40919,42462,7689094,7654241,40976,42310
39,2022-04-15,1358,0,47764,49122,7646789,7613265,53752,55163
40,2022-04-14,1369,0,46552,47921,7591631,7559513,49353,50483
41,2022-04-13,1141,0,51891,53032,7541156,7510160,44074,45183
42,2022-04-12,979,0,47791,48770,7495983,7466086,56840,57825
43,2022-04-11,785,0,57715,58500,7438164,7409246,43852,44415
44,2022-04-10,655,0,30139,30794,7393751,7365394,31116,31890
45,2022-04-09,635,0,38389,39024,7361864,7334278,43810,44205
46,2022-04-08,612,0,52321,52933,7317662,7290468,47426,47916
47,2022-04-07,608,0,45734,46342,7269750,7243042,45206,45819
48,2022-04-06,611,0,48902,49513,7223935,7197836,48332,48938
49,2022-04-05,428,0,31167,31595,7175001,7149504,29545,30050
50,2022-04-04,358,0,27685,28043,7144956,7119959,25085,25223
51,2022-04-03,304,0,21762,22066,7119738,7094874,20857,21120
52,2022-04-02,465,0,23407,23872,7098620,7074017,28436,28505
53,2022-04-01,356,0,38243,38599,7070119,7045581,35719,36304
54,2022-03-31,289,0,34085,34374,7033816,7009862,35924,36153
55,2022-03-30,279,0,35895,36174,6997665,6973938,30401,30684
56,2022-03-29,178,0,31948,32126,6966983,6943537,34887,35107
57,2022-03-28,255,0,36343,36598,6931880,6908650,30605,30638
58,2022-03-27,203,0,16237,16440,6901246,6878045,14841,15027
59,2022-03-26,187,0,20018,20205,6886221,6863204,23480,23452
60,2022-03-25,133,0,25248,25381,6862770,6839724,25995,26362
61,2022-03-24,174,0,22509,22683,6836408,6813729,24014,23987
62,2022-03-23,153,0,23332,23485,6836408,6813729,24014,23987
63,2022-03-22,132,0,23837,23969,6794228,6771704,23786,23996
64,2022-03-21,129,0,26117,26246,6770235,6747918,24761,24686
65,2022-03-20,120,0,15075,15195,6745556,6723157,14879,14899
66,2022-03-19,152,0,18298,18450,6730659,6708278,19349,19477
67,2022-03-18,145,0,21649,21794,6711183,6688929,20233,20397
68,2022-03-17,134,0,18687,18821,6690787,6668696,19162,19036
69,2022-03-16,106,0,21896,22002,6671753,6649534,21036,21165
70,2022-03-15,102,0,22406,22508,6650590,6628498,25140,25468
71,2022-03-14,114,0,28713,28827,6625580,6603358,26755,27150
72,2022-03-13,97,0,13851,13948,6625580,6603358,26755,27150
73,2022-03-12,91,0,19371,19462,6585030,6563116,19511,19723
74,2022-03-11,97,0,21921,22018,6585030,6563116,19511,19723
75,2022-03-10,120,0,19728,19848,6543452,6521717,21048,20881
76,2022-03-09,116,0,23574,23690,6522572,6500669,28875,29058
77,2022-03-08,93,0,23067,23160,6522572,6500669,28875,29058
78,2022-03-07,78,0,26879,26957,6493515,6471794,17593,17658
79,2022-03-06,52,0,12636,12688,6453315,6432364,15333,15291
80,2022-03-05,84,0,19404,19488,6438024,6417031,22002,21987
81,2022-03-04,119,0,22591,22710,6416041,6395029,19945,19994
82,2022-03-03,96,0,17922,18018,6396050,6375084,20091,20098
83,2022-03-02,108,0,22339,22447,6375953,6354993,22505,22638
84,2022-03-01,97,0,27133,27230,6353317,6332488,24996,24968
85,2022-02-28,106,0,19621,19727,6328352,6307492,21275,21305
86,2022-02-27,72,0,13837,13909,6307048,6286217,12882,12943
87,2022-02-26,89,0,17073,17162,6255140,6234508,18232,18249
88,2022-02-25,96,0,18834,18930,6255140,6234508,18232,18249
89,2022-02-24,114,0,22233,22347,6255140,6234508,18232,18249
90,2022-02-23,118,0,20564,20682,6236894,6216276,20249,20440
91,2022-02-22,85,0,22372,22457,6216454,6196027,24193,24235
92,2022-02-21,106,0,28287,28393,6216454,6196027,24193,24235
93,2022-02-20,68,0,12199,12267,6166725,6146253,13736,13754
94,2022-02-19,127,0,18322,18449,6152976,6132517,22363,22497
95,2022-02-18,122,0,25058,25180,6130479,6110154,22009,22097
96,2022-02-17,129,0,21906,22035,6108383,6088145,27477,27448
97,2022-02-16,106,0,29882,29988,6080937,6060668,28349,28606
98,2022-02-15,103,0,27725,27828,6052334,6032319,33323,33179
99,2022-02-14,130,0,33242,33372,6019159,5998996,28388,28175
100,2022-02-13,88,0,20630,20718,5990985,5970608,22917,22928
101,2022-02-12,100,0,24064,24164,5968058,5947691,22769,23108
102,2022-02-11,136,0,27913,28049,5944952,5924922,26435,26294
103,2022-02-10,137,0,26034,26171,5918661,5898487,28767,29068
104,2022-02-09,153,0,29373,29526,5889595,5869720,33100,33160
105,2022-02-08,119,0,34141,34260,5856439,5836620,39564,39606
106,2022-02-07,189,0,46923,47112,5816835,5797056,40961,40901
107,2022-02-06,94,0,25165,25259,5775939,5756095,19461,19677
108,2022-02-05,113,0,21437,21550,5756263,5736634,19438,19755
109,2022-02-04,131,0,20262,20393,5756263,5736634,19438,19755
110,2022-02-03,110,0,13439,13549,5719429,5699979,12859,13166
111,2022-02-02,134,0,11091,11225,5706264,5687120,11499,11520
112,2022-02-01,97,0,10967,11064,5694746,5675621,9756,9860
113,2022-01-31,104,0,10417,10521,5684887,5665865,11328,11347
114,2022-01-30,128,0,12912,13040,5673543,5654537,13687,13714
115,2022-01-29,114,0,15762,15876,5659833,5640850,19348,19241
116,2022-01-28,121,0,23159,23280,5640594,5621502,26526,26672
117,2022-01-27,155,0,29560,29715,5613922,5594976,32297,32410
118,2022-01-26,167,0,33151,33318,5581517,5562679,38879,38851
119,2022-01-25,158,0,35453,35611,5542669,5523800,41237,41388
120,2022-01-24,148,0,44169,44317,5501288,5482563,38016,37626
121,2022-01-23,171,0,27731,27902,5463663,5444547,22516,22553
122,2022-01-22,158,0,24891,25049,5441110,5422031,21945,22162
123,2022-01-21,199,0,26328,26527,5418957,5400086,24840,24915
124,2022-01-20,132,0,24208,24340,5418957,5400086,24840,24915
125,2022-01-19,129,0,30560,30689,5363205,5344301,26566,26860
126,2022-01-18,134,0,30510,30644,5336346,5317735,29920,29893
127,2022-01-17,136,0,29054,29190,5306453,5287815,29053,28093
128,2022-01-16,124,0,21163,21287,5306453,5287815,29053,28093
129,2022-01-15,95,0,22837,22932,5257161,5236654,23240,23999
130,2022-01-14,135,0,25765,25900,5233163,5213414,22570,22819
131,2022-01-13,119,0,21797,21916,5210348,5190844,22559,22625
132,2022-01-12,137,0,23016,23153,5210348,5190844,22559,22625
133,2022-01-11,125,0,23838,23963,5164612,5145758,27591,26875
134,2022-01-10,140,0,26616,26756,5137738,5118167,18400,18606
135,2022-01-09,95,0,21021,21116,5119134,5099767,24720,24070
136,2022-01-08,86,0,17465,17551,5104361,5084994,9947,9297
137,2022-01-07,99,0,22524,22623,5074946,5055445,19676,19672
138,2022-01-06,107,0,17580,17687,5055274,5035769,19131,18620
139,2022-01-05,108,0,19887,19995,5036659,5016638,18300,19203
140,2022-01-04,75,0,18538,18613,5017456,4998328,18687,18507
141,2022-01-03,66,0,19232,19298,4998949,4979641,16781,16688
142,2022-01-02,69,0,9953,10022,4982263,4962860,11032,10208
143,2022-01-01,46,0,10292,10338,4972057,4951828,9557,10562
144,2021-12-31,62,0,14329,14391,4961497,4942271,14798,14582
145,2021-12-30,95,0,13697,13792,4946919,4927473,14803,14660
146,2021-12-29,62,0,15067,15129,4932261,4912670,13763,14786
147,2021-12-28,53,0,15142,15195,4917481,4898907,16291,16106
148,2021-12-27,59,0,17625,17684,4901375,4882616,18236,17371
149,2021-12-26,45,0,10412,10457,4884004,4864380,10874,10428
150,2021-12-25,38,0,12810,12848,4873578,4853506,11758,12580
151,2021-12-24,57,0,16601,16658,4860998,4841748,16056,16442
152,2021-12-23,57,0,14107,14164,4844559,4825692,15291,15301
153,2021-12-22,42,0,16164,16206,4829258,4810401,15574,16094
154,2021-12-21,44,0,17261,17305,4813164,4794827,19277,19159
155,2021-12-20,50,0,21457,21507,4794007,4775550,19442,19258
156,2021-12-19,44,0,10511,10555,4774769,4756108,11892,11387
157,2021-12-18,47,0,12760,12807,4763385,4744216,16391,16138
158,2021-12-17,39,0,19384,19423,4747250,4727825,18299,17629
159,2021-12-16,60,0,15978,16038,4729623,4709526,19631,19418
160,2021-12-15,53,0,20507,20560,4710205,4689895,17721,19405
161,2021-12-14,57,0,20569,20626,4690800,4672174,16824,18150
162,2021-12-13,50,0,17770,17820,4672651,4655350,15683,15265
163,2021-12-12,41,0,9447,9488,4657395,4639667,11069,11126
164,2021-12-11,32,0,12307,12339,4646270,4628598,14488,13825
165,2021-12-10,58,0,18392,18450,4632446,4614110,16345,16770
166,2021-12-09,54,0,13818,13872,4615676,4597765,15529,15450
167,2021-12-08,44,0,16814,16858,4600226,4582236,16087,16338
168,2021-12-07,46,0,17183,17229,4583889,4566149,18293,18317
169,2021-12-06,65,0,20808,20873,4583889,4566149,18293,18317
170,2021-12-05,35,0,10126,10161,4546922,4528043,9960,10144
171,2021-12-04,38,0,12231,12269,4546922,4528043,9960,10144
172,2021-12-03,47,0,18081,18128,4523528,4504860,16150,16495
173,2021-12-02,40,0,13362,13402,4507035,4488710,15184,15185
174,2021-12-01,54,0,17028,17082,4507035,4488710,15184,15185
175,2021-11-30,59,0,17310,17369,4491850,4473526,15849,16430
176,2021-11-29,42,0,22273,22315,4456652,4438954,17287,17079
177,2021-11-28,30,0,9774,9804,4439574,4421667,13855,13545
178,2021-11-27,35,0,12799,12834,4426033,4407812,14772,14660
179,2021-11-26,43,0,18631,18674,4411374,4393040,16473,16721
180,2021-11-25,52,0,14199,14251,4394659,4376567,14854,15362
181,2021-11-24,42,0,16534,16576,4379297,4361713,16410,16634
182,2021-11-23,41,0,16713,16754,4362664,4345303,17797,17756
183,2021-11-22,44,0,20031,20075,4344910,4327506,16063,15189
184,2021-11-21,28,0,10311,10339,4344910,4327506,16063,15189
185,2021-11-20,29,0,13031,13060,4310870,4292189,7898,8366
186,2021-11-19,41,0,17574,17615,4302507,4284291,16062,16320
187,2021-11-18,32,0,14277,14309,4286175,4268229,15397,15669
188,2021-11-17,33,0,17277,17310,4270506,4252832,17499,17466
189,2021-11-16,42,0,18218,18260,4253041,4235333,19468,19538
190,2021-11-15,45,0,22306,22351,4233503,4215865,18688,18881
191,2021-11-14,30,0,9779,9809,4214628,4197177,9953,9752
192,2021-11-13,27,0,12861,12888,4204877,4187224,14688,14508
193,2021-11-12,40,0,17322,17362,4190369,4172536,16368,16469
194,2021-11-11,47,0,13936,13983,4173901,4156168,15286,15581
195,2021-11-10,39,0,17258,17297,4158324,4140882,16808,17074
196,2021-11-09,51,0,16829,16880,4141250,4124074,19174,18697
197,2021-11-08,47,0,20296,20343,4122554,4104900,18438,17615
198,2021-11-07,39,0,10661,10700,4104940,4086462,11344,11231
199,2021-11-06,36,0,14706,14742,4093712,4075118,15826,16510
200,2021-11-05,40,0,20417,20457,4077222,4059292,18400,18568
201,2021-11-04,44,0,15471,15515,4058655,4040892,16728,16997
202,2021-11-03,54,0,18975,19029,4041662,4024164,18797,18797
203,2021-11-02,57,0,19170,19227,4022866,4005367,21089,21135
204,2021-11-01,53,0,23506,23559,4001733,3984278,21638,20733
205,2021-10-31,41,0,11025,11066,3981004,3962640,10739,11363
206,2021-10-30,26,0,14671,14697,3969644,3951901,16297,15898
207,2021-10-29,42,0,19041,19083,3953747,3935604,17328,18037
208,2021-10-28,47,0,15416,15463,3935711,3918276,16854,16961
209,2021-10-27,44,0,18375,18419,3918787,3901422,18619,18980
210,2021-10-26,60,0,18308,18368,3899810,3882803,20326,19828
211,2021-10-25,60,0,22447,22507,3879987,3862477,16921,17081
212,2021-10-24,34,0,10141,10175,3862914,3845556,10461,10275
213,2021-10-23,44,0,14004,14048,3852641,3835095,15921,15870
214,2021-10-22,62,0,18571,18633,3836775,3819174,17672,18481
215,2021-10-21,54,0,15486,15540,3818297,3801502,17700,16952
216,2021-10-20,38,0,19931,19969,3801349,3783802,18975,19611
217,2021-10-19,63,0,18996,19059,3781738,3764827,21140,20991
218,2021-10-18,66,0,23631,23697,3760750,3743687,25189,22927
219,2021-10-17,64,0,11026,11090,3737829,3718498,11422,12203
220,2021-10-16,45,0,16185,16230,3725628,3707076,17126,17775
221,2021-10-15,65,0,23106,23171,3707857,3689950,19513,20211
222,2021-10-14,62,0,17373,17435,3687649,3670437,20118,20046
223,2021-10-13,66,0,21794,21860,3667605,3650319,23036,23403
224,2021-10-12,89,0,25683,25772,3644206,3627283,25546,24837
225,2021-10-11,63,0,19738,19801,3619373,3601737,16615,16862
226,2021-10-10,60,0,11902,11962,3602515,3585122,13046,12506
227,2021-10-09,70,0,16654,16724,3590010,3572076,19717,18267
228,2021-10-08,89,0,21247,21336,3571519,3553809,19717,19983
229,2021-10-07,99,0,18270,18369,3551518,3534092,20731,20497
230,2021-10-06,68,0,22484,22552,3531025,3513361,22633,23058
231,2021-10-05,77,0,23157,23234,3507972,3490728,24687,25022
232,2021-10-04,95,0,27662,27757,3482953,3466041,23315,22718
233,2021-10-03,60,0,12932,12992,3460241,3442726,14336,14462
234,2021-10-02,83,0,17887,17970,3445789,3428390,19315,19671
235,2021-10-01,96,0,23621,23717,3426479,3408719,21599,21921
236,2021-09-30,102,0,19864,19966,3404562,3387120,21310,21068
237,2021-09-29,90,0,24403,24493,3383403,3365810,24371,25166
238,2021-09-28,103,0,25026,25129,3358228,3341439,28789,28418
239,2021-09-27,175,0,30536,30711,3329815,3312650,25144,24389
240,2021-09-26,73,0,14625,14698,3305433,3287506,15841,16091
241,2021-09-25,83,0,19765,19848,3289349,3271665,22393,21947
242,2021-09-24,93,0,27759,27852,3267405,3249272,25588,26213
243,2021-09-23,103,0,20521,20624,3241201,3223684,24208,24612
244,2021-09-22,115,0,29115,29230,3216611,3199476,25740,25486
245,2021-09-21,103,0,14216,14319,3191134,3173736,16808,17315
246,2021-09-20,84,0,22672,22756,3173829,3156928,19531,18894
247,2021-09-19,66,0,12826,12892,3154941,3137397,13037,12857
248,2021-09-18,90,0,15286,15376,3142093,3124360,15318,14918
249,2021-09-17,100,0,20063,20163,3127179,3109042,22197,22983
250,2021-09-16,110,0,21238,21348,3104233,3086845,21627,21292
251,2021-09-15,115,0,25019,25134,3082957,3065218,25370,25833
252,2021-09-14,102,0,26257,26359,3057142,3039848,28449,28694
253,2021-09-13,314,0,30743,31057,3028468,3011399,22754,23187
254,2021-09-12,94,0,9798,9892,3005313,2988645,14917,13934
255,2021-09-11,127,0,21923,22050,2991387,2973728,25199,25537
256,2021-09-10,119,0,29206,29325,2965908,2948529,27261,27081
257,2021-09-09,127,0,24743,24870,2938839,2921268,27132,27401
258,2021-09-08,127,0,29728,29855,2911463,2894136,29843,30360
259,2021-09-07,116,0,30467,30583,2881111,2864293,32134,31566
260,2021-09-06,174,0,34535,34709,2849565,2832159,30730,30194
261,2021-09-05,49,0,16336,16385,2819374,2801429,16942,17529
262,2021-09-04,74,0,20045,20119,2801846,2784487,23120,22489
263,2021-09-03,110,0,27012,27122,2779364,2761367,22354,22648
264,2021-09-02,79,0,20760,20839,2756726,2739013,22961,22964
265,2021-09-01,90,0,25494,25584,2756726,2739013,22961,22964
266,2021-08-31,115,0,28432,28547,2707449,2690627,29794,29616
267,2021-08-30,115,0,31895,32010,2677839,2660833,27803,26757
268,2021-08-29,105,0,12931,13036,2651089,2633030,13321,13689
269,2021-08-28,87,0,17396,17483,2637402,2619709,19276,19223
270,2021-08-27,95,0,23180,23275,2618184,2600433,20801,21488
271,2021-08-26,101,0,20142,20243,2596704,2579632,23296,23171
272,2021-08-25,111,0,24007,24118,2573538,2556336,24412,24724
273,2021-08-24,109,0,23647,23756,2548825,2531924,24468,24567
274,2021-08-23,134,0,26008,26142,2524269,2507456,22253,21417
275,2021-08-22,65,0,11934,11999,2502861,2485203,13434,13791
276,2021-08-21,72,0,15812,15884,2489074,2471769,16695,16473
277,2021-08-20,98,0,21695,21793,2472606,2455074,21803,22261
278,2021-08-19,121,0,19679,19800,2450350,2433271,21320,20894
279,2021-08-18,120,0,23038,23158,2429464,2411951,22305,22401
280,2021-08-17,139,0,22890,23029,2407073,2389646,23762,24092
281,2021-08-16,251,0,25628,25879,2382988,2365884,22216,22216
282,2021-08-15,85,0,12669,12754,2361186,2343668,12658,12972
283,2021-08-14,71,0,16233,16304,2348221,2331010,18152,17692
284,2021-08-13,144,0,22602,22746,2330539,2312858,20430,21309
285,2021-08-12,131,0,17932,18063,2309241,2292428,20361,19625
286,2021-08-11,99,0,22391,22490,2289602,2272067,21042,21487
287,2021-08-10,126,0,22947,23073,2268145,2251025,24543,24620
288,2021-08-09,147,0,26287,26434,2243540,2226482,22415,22457
289,2021-08-08,95,0,12459,12554,2221156,2204067,13010,12938
290,2021-08-07,60,0,14285,14345,2208224,2191057,16570,16325
291,2021-08-06,140,0,22511,22651,2191907,2174487,20631,21003
292,2021-08-05,142,0,18218,18360,2170926,2153856,18485,18025
293,2021-08-04,140,0,23192,23332,2152917,2135371,24102,24520
294,2021-08-03,139,0,24152,24291,2128419,2111269,27307,27400
295,2021-08-02,151,0,28269,28420,2101038,2083962,23504,23034
296,2021-08-01,112,0,12897,13009,2078019,2060458,14200,14520
297,2021-07-31,121,0,17402,17523,2063516,2046258,20132,20326
298,2021-07-30,146,0,25659,25805,2043204,2026126,21598,22136
299,2021-07-29,147,0,20423,20570,2021090,2004528,23219,22819
300,2021-07-28,136,0,23531,23667,1998284,1981309,22741,23220
301,2021-07-27,180,0,24859,25039,1975087,1958568,26138,26463
302,2021-07-26,180,0,28633,28813,1948640,1932430,24816,23993
303,2021-07-25,123,0,12960,13083,1924661,1907614,12237,13072
304,2021-07-24,108,0,14520,14628,1911604,1895377,17231,16673
305,2021-07-23,169,0,20352,20521,1894957,1878146,18982,19662
306,2021-07-22,175,0,19471,19646,1875313,1859164,23485,22681
307,2021-07-21,199,0,25015,25214,1852658,1835679,24151,24647
308,2021-07-20,214,0,24045,24259,1828036,1811528,25589,26518
309,2021-07-19,216,0,27328,27544,1801538,1784759,22880,23196
310,2021-07-18,132,0,12444,12576,1778511,1761879,14065,12995
311,2021-07-17,127,0,15770,15897,1765532,1747814,17068,17802
312,2021-07-16,193,0,23277,23470,1747750,1730746,19772,19997
313,2021-07-15,188,0,18327,18515,1727787,1710974,20833,20450
314,2021-07-14,222,0,22233,22455,1707362,1690141,20340,21072
315,2021-07-13,243,0,22742,22985,1686311,1669801,25115,25179
316,2021-07-12,241,0,27607,27848,1661153,1644686,21852,21260
317,2021-07-11,155,0,13372,13527,1639921,1622834,14132,14585
318,2021-07-10,188,0,16753,16941,1625351,1608702,18933,18978
319,2021-07-09,260,0,23145,23405,1606389,1589769,23333,23616
320,2021-07-08,234,0,24193,24427,1582844,1566436,41064,40644
321,2021-07-07,276,0,26619,26895,1541974,1525372,9387,9755
322,2021-07-06,282,0,26117,26399,1532252,1515985,28966,28720
323,2021-07-05,290,0,33133,33423,1503584,1487019,31048,30770
324,2021-07-04,215,0,16195,16410,1472827,1455971,13024,12924
325,2021-07-03,243,0,19098,19341,1459913,1442937,21940,22666
326,2021-07-02,332,0,27734,28066,1437283,1420997,25551,25782
327,2021-07-01,275,0,29516,29791,1411572,1395446,32041,31988
328,2021-06-30,288,0,30626,30914,1379630,1363405,32076,32180
329,2021-06-29,307,0,34121,34428,1347513,1331329,35516,35404
330,2021-06-28,379,0,36986,37365,1311961,1295813,30109,30188
331,2021-06-27,299,0,13942,14241,1282057,1265704,14841,15165
332,2021-06-26,359,0,19734,20093,1266904,1250863,23115,23248
333,2021-06-25,357,0,29686,30043,1243683,1227748,30016,29591
334,2021-06-24,323,0,32694,33017,1213717,1197732,33506,34324
335,2021-06-23,350,0,32114,32464,1180033,1164226,30986,31161
336,2021-06-22,392,0,34410,34802,1148916,1133240,41268,41399
337,2021-06-21,319,0,32078,32397,1107543,1091972,30348,30155
338,2021-06-20,220,0,13766,13986,1077415,1061624,13298,13565
339,2021-06-19,303,0,18045,18348,1063890,1048326,19428,19720
340,2021-06-18,346,0,31980,32326,1044211,1028898,35888,33232
341,2021-06-17,366,0,36542,36908,1011097,993010,42005,37929
342,2021-06-16,452,0,33399,33851,973215,951005,36144,36175
343,2021-06-15,402,0,30315,30717,937150,914861,33366,33721
344,2021-06-14,307,0,18894,19201,903676,881495,17792,17701
345,2021-06-13,366,0,15460,15826,886014,863703,16906,17094
346,2021-06-12,358,0,21550,21908,869247,846797,24841,24702
347,2021-06-11,587,0,36747,37334,845113,821956,40622,40260
348,2021-06-10,587,0,33731,34318,0,0,0,0
349,2021-06-09,575,0,33198,33773,0,0,0,0
350,2021-06-08,549,0,31362,31911,0,0,0,0
351,2021-06-07,567,0,33770,34337,0,0,0,0
352,2021-06-06,504,0,14867,15371,0,0,0,0
353,2021-06-05,527,0,18977,19504,0,0,0,0
354,2021-06-04,812,0,30124,30936,0,0,0,0
355,2021-06-03,863,0,27573,28436,0,0,0,0
356,2021-06-02,937,0,28139,29076,0,0,0,0
357,2021-06-01,913,0,28020,28933,0,0,0,0
358,2021-05-31,905,0,27523,28428,0,0,0,0
359,2021-05-30,590,0,12259,12849,0,0,0,0
360,2021-05-29,925,0,17610,18535,0,0,0,0
361,2021-05-28,1643,0,28747,30390,0,0,0,0
362,2021-05-27,681,0,19102,19783,0,0,0,0
363,2021-05-26,787,0,20056,20843,0,0,0,0
364,2021-05-25,921,0,23438,24359,0,0,0,0
365,2021-05-24,663,0,22243,22906,0,0,0,0
366,2021-05-23,662,0,12192,12854,0,0,0,0
367,2021-05-22,535,0,13894,14429,0,0,0,0
368,2021-05-21,714,0,20889,21603,0,0,0,0
369,2021-05-20,539,0,17342,17881,0,0,0,0
370,2021-05-19,407,0,17107,17514,0,0,0,0
371,2021-05-18,389,0,17683,18072,0,0,0,0
372,2021-05-17,377,0,15055,15432,0,0,0,0
373,2021-05-16,456,0,7939,8395,0,0,0,0
374,2021-05-15,282,0,6214,6496,0,0,0,0
375,2021-05-14,310,0,5831,6141,0,0,0,0
376,2021-05-13,148,0,3743,3891,0,0,0,0
377,2021-05-12,122,0,2299,2421,0,0,0,0
378,2021-05-11,71,0,1146,1217,0,0,0,0
379,2021-05-10,49,0,1188,1237,0,0,0,0
380,2021-05-09,30,0,650,680,0,0,0,0
381,2021-05-08,14,0,399,413,0,0,0,0
382,2021-05-07,35,0,1031,1066,0,0,0,0
383,2021-05-06,39,0,966,1005,0,0,0,0
384,2021-05-05,54,0,1040,1094,0,0,0,0
385,2021-05-04,32,0,956,988,0,0,0,0
386,2021-05-03,51,0,1340,1391,0,0,0,0
387,2021-05-02,31,0,387,418,0,0,0,0
388,2021-05-01,30,0,353,383,0,0,0,0
389,2021-04-30,55,0,799,854,0,0,0,0
390,2021-04-29,81,0,1062,1143,0,0,0,0
391,2021-04-28,23,0,741,764,0,0,0,0
392,2021-04-27,18,0,734,752,0,0,0,0
393,2021-04-26,36,0,1063,1099,0,0,0,0
394,2021-04-25,17,0,596,613,0,0,0,0
395,2021-04-24,21,0,522,543,0,0,0,0
396,2021-04-23,28,0,803,831,0,0,0,0
397,2021-04-22,20,0,650,670,0,0,0,0
398,2021-04-21,17,0,819,836,0,0,0,0
399,2021-04-20,12,0,513,525,0,0,0,0
400,2021-04-19,27,0,692,719,0,0,0,0
401,2021-04-18,12,0,116,128,0,0,0,0
402,2021-04-17,14,0,125,139,0,0,0,0
403,2021-04-16,15,0,532,547,0,0,0,0
404,2021-04-15,11,0,515,526,0,0,0,0
405,2021-04-14,19,0,578,597,0,0,0,0
406,2021-04-13,15,0,523,538,0,0,0,0
407,2021-04-12,27,0,728,755,0,0,0,0
408,2021-04-11,11,0,148,159,0,0,0,0
409,2021-04-10,17,0,213,230,0,0,0,0
410,2021-04-09,18,0,828,846,0,0,0,0
411,2021-04-08,13,0,656,669,0,0,0,0
412,2021-04-07,22,0,636,658,0,0,0,0
413,2021-04-06,15,0,1144,1159,0,0,0,0
414,2021-04-05,26,0,277,303,0,0,0,0
415,2021-04-04,13,0,145,158,0,0,0,0
416,2021-04-03,11,0,279,290,0,0,0,0
417,2021-04-02,14,0,261,275,0,0,0,0
418,2021-04-01,32,0,572,604,0,0,0,0
419,2021-03-31,23,0,942,965,0,0,0,0
420,2021-03-30,20,0,814,834,0,0,0,0
421,2021-03-29,22,0,827,849,0,0,0,0
422,2021-03-28,3,0,161,164,0,0,0,0
423,2021-03-27,16,0,235,251,0,0,0,0
424,2021-03-26,19,0,609,628,0,0,0,0
425,2021-03-25,30,0,686,716,0,0,0,0
426,2021-03-24,10,0,558,568,0,0,0,0
427,2021-03-23,15,0,422,437,0,0,0,0
428,2021-03-22,18,0,785,803,0,0,0,0
429,2021-03-21,8,0,155,163,0,0,0,0
430,2021-03-20,10,0,209,219,0,0,0,0
431,2021-03-19,9,0,423,432,0,0,0,0
432,2021-03-18,19,0,341,360,0,0,0,0
433,2021-03-17,21,0,464,485,0,0,0,0
434,2021-03-16,19,0,630,649,0,0,0,0
435,2021-03-15,21,0,514,535,0,0,0,0
436,2021-03-14,14,0,128,142,0,0,0,0
437,2021-03-13,6,0,206,212,0,0,0,0
438,2021-03-12,10,0,631,641,0,0,0,0
439,2021-03-11,25,0,601,626,0,0,0,0
440,2021-03-10,18,0,472,490,0,0,0,0
441,2021-03-09,16,0,341,357,0,0,0,0
442,2021-03-08,18,0,1075,1093,0,0,0,0
443,2021-03-07,11,0,165,176,0,0,0,0
444,2021-03-06,16,0,333,349,0,0,0,0
445,2021-03-05,18,0,688,706,0,0,0,0
446,2021-03-04,20,0,655,675,0,0,0,0
447,2021-03-03,16,0,272,288,0,0,0,0
448,2021-03-02,16,0,418,434,0,0,0,0
449,2021-03-01,14,0,262,276,0,0,0,0
450,2021-02-28,13,0,184,197,0,0,0,0
451,2021-02-27,11,0,210,221,0,0,0,0
452,2021-02-26,11,0,406,417,0,0,0,0
453,2021-02-25,20,0,524,544,0,0,0,0
454,2021-02-24,22,0,524,546,0,0,0,0
455,2021-02-23,21,0,466,487,0,0,0,0
456,2021-02-22,10,0,725,735,0,0,0,0
457,2021-02-21,10,0,221,231,0,0,0,0
458,2021-02-20,20,0,351,371,0,0,0,0
459,2021-02-19,13,0,826,839,0,0,0,0
460,2021-02-18,14,0,684,698,0,0,0,0
461,2021-02-17,20,0,738,758,0,0,0,0
462,2021-02-16,14,0,306,320,0,0,0,0
463,2021-02-15,14,0,311,325,0,0,0,0
464,2021-02-14,16,0,318,334,0,0,0,0
465,2021-02-13,17,0,307,324,0,0,0,0
466,2021-02-12,21,0,255,276,0,0,0,0
467,2021-02-11,13,0,262,275,0,0,0,0
468,2021-02-10,23,0,355,378,0,0,0,0
469,2021-02-09,33,0,750,783,0,0,0,0
470,2021-02-08,42,0,1064,1106,0,0,0,0
471,2021-02-07,76,0,715,791,0,0,0,0
472,2021-02-06,30,0,487,517,0,0,0,0
473,2021-02-05,41,0,836,877,0,0,0,0
474,2021-02-04,53,0,874,927,0,0,0,0
475,2021-02-03,49,0,1118,1167,0,0,0,0
476,2021-02-02,46,0,3197,3243,0,0,0,0
477,2021-02-01,56,0,1154,1210,0,0,0,0
478,2021-01-31,41,0,831,872,0,0,0,0
479,2021-01-30,35,0,1323,1358,0,0,0,0
480,2021-01-29,51,0,1826,1877,0,0,0,0
481,2021-01-28,63,0,1538,1601,0,0,0,0
482,2021-01-27,65,0,1564,1629,0,0,0,0
483,2021-01-26,66,0,1450,1516,0,0,0,0
484,2021-01-25,92,0,1643,1735,0,0,0,0
485,2021-01-24,47,0,546,593,0,0,0,0
486,2021-01-23,45,0,962,1007,0,0,0,0
487,2021-01-22,65,0,1258,1323,0,0,0,0
488,2021-01-21,68,0,1119,1187,0,0,0,0
489,2021-01-20,83,0,1161,1244,0,0,0,0
490,2021-01-19,68,0,881,949,0,0,0,0
491,2021-01-18,116,0,1402,1518,0,0,0,0
492,2021-01-17,50,0,397,447,0,0,0,0
493,2021-01-16,43,0,500,543,0,0,0,0
494,2021-01-15,38,0,1136,1174,0,0,0,0
495,2021-01-14,38,0,929,967,0,0,0,0
496,2021-01-13,53,0,705,758,0,0,0,0
497,2021-01-12,67,0,545,612,0,0,0,0
498,2021-01-11,39,0,946,985,0,0,0,0
499,2021-01-10,23,0,253,276,0,0,0,0
500,2021-01-09,33,0,216,249,0,0,0,0
501,2021-01-08,27,0,570,597,0,0,0,0
502,2021-01-07,36,0,663,699,0,0,0,0
503,2021-01-06,38,0,769,807,0,0,0,0
504,2021-01-05,30,0,567,597,0,0,0,0
505,2021-01-04,45,0,1140,1185,0,0,0,0
506,2021-01-03,18,0,141,159,0,0,0,0
507,2021-01-02,22,0,229,251,0,0,0,0
508,2021-01-01,23,0,177,200,0,0,0,0
509,2020-12-31,29,0,478,507,0,0,0,0
510,2020-12-30,26,0,648,674,0,0,0,0
511,2020-12-29,27,0,783,810,0,0,0,0
512,2020-12-28,37,0,980,1017,0,0,0,0
513,2020-12-27,31,0,334,365,0,0,0,0
514,2020-12-26,25,0,299,324,0,0,0,0
515,2020-12-25,39,0,720,759,0,0,0,0
516,2020-12-24,49,0,679,728,0,0,0,0
517,2020-12-23,33,0,637,670,0,0,0,0
518,2020-12-22,39,0,761,800,0,0,0,0
519,2020-12-21,41,0,719,760,0,0,0,0
520,2020-12-20,21,0,162,183,0,0,0,0
521,2020-12-19,21,0,219,240,0,0,0,0
522,2020-12-18,37,0,540,577,0,0,0,0
523,2020-12-17,23,0,767,790,0,0,0,0
524,2020-12-16,29,0,728,757,0,0,0,0
525,2020-12-15,30,0,771,801,0,0,0,0
526,2020-12-14,37,0,810,847,0,0,0,0
527,2020-12-13,24,0,192,216,0,0,0,0
528,2020-12-12,24,0,399,423,0,0,0,0
529,2020-12-11,47,0,733,780,0,0,0,0
530,2020-12-10,40,0,394,434,0,0,0,0
531,2020-12-09,35,0,265,300,0,0,0,0
532,2020-12-08,25,0,266,291,0,0,0,0
533,2020-12-07,48,0,194,242,0,0,0,0
534,2020-12-06,29,0,108,137,0,0,0,0
535,2020-12-05,20,0,126,146,0,0,0,0
536,2020-12-04,59,0,224,283,0,0,0,0
537,2020-12-03,33,0,865,898,0,0,0,0
538,2020-12-02,29,0,155,184,0,0,0,0
539,2020-12-01,45,0,318,363,0,0,0,0
540,2020-11-30,36,0,301,337,0,0,0,0
541,2020-11-29,34,0,207,241,0,0,0,0
542,2020-11-28,25,0,454,479,0,0,0,0
543,2020-11-27,37,0,601,638,0,0,0,0
544,2020-11-26,44,0,381,425,0,0,0,0
545,2020-11-25,30,0,299,329,0,0,0,0
546,2020-11-24,36,0,306,342,0,0,0,0
547,2020-11-23,30,0,311,341,0,0,0,0
548,2020-11-22,10,0,116,126,0,0,0,0
549,2020-11-21,22,0,188,210,0,0,0,0
550,2020-11-20,23,0,176,199,0,0,0,0
551,2020-11-19,25,0,404,429,0,0,0,0
552,2020-11-18,19,0,268,287,0,0,0,0
553,2020-11-17,30,0,185,215,0,0,0,0
554,2020-11-16,30,0,352,382,0,0,0,0
555,2020-11-15,11,0,91,102,0,0,0,0
556,2020-11-14,23,0,75,98,0,0,0,0
557,2020-11-13,23,0,181,204,0,0,0,0
558,2020-11-12,33,0,347,380,0,0,0,0
559,2020-11-11,20,0,267,287,0,0,0,0
560,2020-11-10,37,0,255,292,0,0,0,0
561,2020-11-09,23,0,297,320,0,0,0,0
562,2020-11-08,25,0,93,118,0,0,0,0
563,2020-11-07,11,0,103,114,0,0,0,0
564,2020-11-06,18,0,376,394,0,0,0,0
565,2020-11-05,17,0,255,272,0,0,0,0
566,2020-11-04,28,0,297,325,0,0,0,0
567,2020-11-03,13,0,275,288,0,0,0,0
568,2020-11-02,25,0,327,352,0,0,0,0
569,2020-11-01,16,0,100,116,0,0,0,0
570,2020-10-31,22,0,71,93,0,0,0,0
571,2020-10-30,22,0,134,156,0,0,0,0
572,2020-10-29,18,0,551,569,0,0,0,0
573,2020-10-28,27,0,171,198,0,0,0,0
574,2020-10-27,20,0,186,206,0,0,0,0
575,2020-10-26,24,0,269,293,0,0,0,0
576,2020-10-25,14,0,104,118,0,0,0,0
577,2020-10-24,10,0,87,97,0,0,0,0
578,2020-10-23,17,0,160,177,0,0,0,0
579,2020-10-22,25,0,304,329,0,0,0,0
580,2020-10-21,17,0,198,215,0,0,0,0
581,2020-10-20,20,0,203,223,0,0,0,0
582,2020-10-19,23,0,291,314,0,0,0,0
583,2020-10-18,14,0,162,176,0,0,0,0
584,2020-10-17,16,0,116,132,0,0,0,0
585,2020-10-16,18,0,364,382,0,0,0,0
586,2020-10-15,28,0,561,589,0,0,0,0
587,2020-10-14,20,0,325,345,0,0,0,0
588,2020-10-13,25,0,246,271,0,0,0,0
589,2020-10-12,30,0,275,305,0,0,0,0
590,2020-10-11,15,0,108,123,0,0,0,0
591,2020-10-10,15,0,99,114,0,0,0,0
592,2020-10-09,17,0,322,339,0,0,0,0
593,2020-10-08,27,0,563,590,0,0,0,0
594,2020-10-07,21,0,411,432,0,0,0,0
595,2020-10-06,31,0,139,170,0,0,0,0
596,2020-10-05,41,0,315,356,0,0,0,0
597,2020-10-04,16,0,151,167,0,0,0,0
598,2020-10-03,19,0,90,109,0,0,0,0
599,2020-10-02,25,0,367,392,0,0,0,0
600,2020-10-01,18,0,134,152,0,0,0,0
601,2020-09-30,27,0,233,260,0,0,0,0
602,2020-09-29,24,0,187,211,0,0,0,0
603,2020-09-28,28,0,231,259,0,0,0,0
604,2020-09-27,25,0,179,204,0,0,0,0
605,2020-09-26,19,0,256,275,0,0,0,0
606,2020-09-25,20,0,117,137,0,0,0,0
607,2020-09-24,22,0,176,198,0,0,0,0
608,2020-09-23,22,0,235,257,0,0,0,0
609,2020-09-22,22,0,153,175,0,0,0,0
610,2020-09-21,26,0,257,283,0,0,0,0
611,2020-09-20,20,0,78,98,0,0,0,0
612,2020-09-19,20,0,75,95,0,0,0,0
613,2020-09-18,27,0,324,351,0,0,0,0
614,2020-09-17,31,0,649,680,0,0,0,0
615,2020-09-16,22,0,260,282,0,0,0,0
616,2020-09-15,28,0,132,160,0,0,0,0
617,2020-09-14,20,0,134,154,0,0,0,0
618,2020-09-13,12,0,198,210,0,0,0,0
619,2020-09-12,23,0,103,126,0,0,0,0
620,2020-09-11,21,0,165,186,0,0,0,0
621,2020-09-10,23,0,201,224,0,0,0,0
622,2020-09-09,17,0,138,155,0,0,0,0
623,2020-09-08,21,0,166,187,0,0,0,0
624,2020-09-07,27,0,161,188,0,0,0,0
625,2020-09-06,19,0,154,173,0,0,0,0
626,2020-09-05,22,0,90,112,0,0,0,0
627,2020-09-04,29,0,213,242,0,0,0,0
628,2020-09-03,29,0,203,232,0,0,0,0
629,2020-09-02,20,0,132,152,0,0,0,0
630,2020-09-01,22,0,122,144,0,0,0,0
631,2020-08-31,17,0,198,215,0,0,0,0
632,2020-08-30,13,0,144,157,0,0,0,0
633,2020-08-29,12,0,136,148,0,0,0,0
634,2020-08-28,23,0,154,177,0,0,0,0
635,2020-08-27,32,0,172,204,0,0,0,0
636,2020-08-26,20,0,162,182,0,0,0,0
637,2020-08-25,26,0,129,155,0,0,0,0
638,2020-08-24,42,0,200,242,0,0,0,0
639,2020-08-23,21,0,96,117,0,0,0,0
640,2020-08-22,21,0,107,128,0,0,0,0
641,2020-08-21,27,0,190,217,0,0,0,0
642,2020-08-20,29,0,185,214,0,0,0,0
643,2020-08-19,33,0,189,222,0,0,0,0
644,2020-08-18,31,0,134,165,0,0,0,0
645,2020-08-17,23,0,237,260,0,0,0,0
646,2020-08-16,14,0,110,124,0,0,0,0
647,2020-08-15,20,0,113,133,0,0,0,0
648,2020-08-14,31,0,167,198,0,0,0,0
649,2020-08-13,24,0,205,229,0,0,0,0
650,2020-08-12,19,0,171,190,0,0,0,0
651,2020-08-11,30,0,117,147,0,0,0,0
652,2020-08-10,36,0,211,247,0,0,0,0
653,2020-08-09,19,0,123,142,0,0,0,0
654,2020-08-08,17,0,156,173,0,0,0,0
655,2020-08-07,34,0,130,164,0,0,0,0
656,2020-08-06,25,0,189,214,0,0,0,0
657,2020-08-05,31,0,180,211,0,0,0,0
658,2020-08-04,23,0,169,192,0,0,0,0
659,2020-08-03,32,0,241,273,0,0,0,0
660,2020-08-02,26,0,106,132,0,0,0,0
661,2020-08-01,10,0,94,104,0,0,0,0
662,2020-07-31,26,0,209,235,0,0,0,0
663,2020-07-30,38,0,165,203,0,0,0,0
664,2020-07-29,22,0,198,220,0,0,0,0
665,2020-07-28,34,0,307,341,0,0,0,0
666,2020-07-27,48,0,153,201,0,0,0,0
667,2020-07-26,17,0,106,123,0,0,0,0
668,2020-07-25,13,0,82,95,0,0,0,0
669,2020-07-24,17,0,118,135,0,0,0,0
670,2020-07-23,19,0,144,163,0,0,0,0
671,2020-07-22,24,0,132,156,0,0,0,0
672,2020-07-21,13,0,130,143,0,0,0,0
673,2020-07-20,31,0,130,161,0,0,0,0
674,2020-07-19,14,0,121,135,0,0,0,0
675,2020-07-18,21,0,90,111,0,0,0,0
676,2020-07-17,24,0,121,145,0,0,0,0
677,2020-07-16,27,0,164,191,0,0,0,0
678,2020-07-15,24,0,140,164,0,0,0,0
679,2020-07-14,26,0,129,155,0,0,0,0
680,2020-07-13,22,0,104,126,0,0,0,0
681,2020-07-12,17,0,109,126,0,0,0,0
682,2020-07-11,11,0,107,118,0,0,0,0
683,2020-07-10,34,0,131,165,0,0,0,0
684,2020-07-09,22,0,166,188,0,0,0,0
685,2020-07-08,19,0,122,141,0,0,0,0
686,2020-07-07,17,0,119,136,0,0,0,0
687,2020-07-06,24,0,153,177,0,0,0,0
688,2020-07-05,23,0,128,151,0,0,0,0
689,2020-07-04,17,0,102,119,0,0,0,0
690,2020-07-03,11,0,129,140,0,0,0,0
691,2020-07-02,14,0,115,129,0,0,0,0
692,2020-07-01,26,0,115,141,0,0,0,0
693,2020-06-30,31,0,179,210,0,0,0,0
694,2020-06-29,23,0,161,184,0,0,0,0
695,2020-06-28,11,0,116,127,0,0,0,0
696,2020-06-27,18,0,136,154,0,0,0,0
697,2020-06-26,29,0,147,176,0,0,0,0
698,2020-06-25,15,0,202,217,0,0,0,0
699,2020-06-24,15,0,158,173,0,0,0,0
700,2020-06-23,17,0,109,126,0,0,0,0
701,2020-06-22,26,0,130,156,0,0,0,0
702,2020-06-21,9,0,95,104,0,0,0,0
703,2020-06-20,20,0,94,114,0,0,0,0
704,2020-06-19,21,0,138,159,0,0,0,0
705,2020-06-18,16,0,119,135,0,0,0,0
706,2020-06-17,17,0,129,146,0,0,0,0
707,2020-06-16,28,0,119,147,0,0,0,0
708,2020-06-15,26,0,119,145,0,0,0,0
709,2020-06-14,19,0,92,111,0,0,0,0
710,2020-06-13,16,0,102,118,0,0,0,0
711,2020-06-12,19,0,123,142,0,0,0,0
712,2020-06-11,21,0,114,135,0,0,0,0
713,2020-06-10,21,0,131,152,0,0,0,0
714,2020-06-09,22,0,130,152,0,0,0,0
715,2020-06-08,26,0,103,129,0,0,0,0
716,2020-06-07,13,0,95,108,0,0,0,0
717,2020-06-06,18,0,120,138,0,0,0,0
718,2020-06-05,24,0,160,184,0,0,0,0
719,2020-06-04,21,0,149,170,0,0,0,0
720,2020-06-03,33,0,155,188,0,0,0,0
721,2020-06-02,27,0,151,178,0,0,0,0
722,2020-06-01,26,0,160,186,0,0,0,0
723,2020-05-31,18,0,219,237,0,0,0,0
724,2020-05-30,17,0,157,174,0,0,0,0
725,2020-05-29,32,0,124,156,0,0,0,0
726,2020-05-28,33,0,137,170,0,0,0,0
727,2020-05-27,27,0,156,183,0,0,0,0
728,2020-05-26,32,0,267,299,0,0,0,0
729,2020-05-25,28,0,194,222,0,0,0,0
730,2020-05-24,21,0,162,183,0,0,0,0
731,2020-05-23,32,0,138,170,0,0,0,0
732,2020-05-22,25,0,162,187,0,0,0,0
733,2020-05-21,31,0,205,236,0,0,0,0
734,2020-05-20,38,0,188,226,0,0,0,0
735,2020-05-19,27,0,196,223,0,0,0,0
736,2020-05-18,46,0,223,269,0,0,0,0
737,2020-05-17,22,0,163,185,0,0,0,0
738,2020-05-16,26,0,194,220,0,0,0,0
739,2020-05-15,41,0,282,323,0,0,0,0
740,2020-05-14,40,0,234,274,0,0,0,0
741,2020-05-13,51,0,226,277,0,0,0,0
742,2020-05-12,42,0,307,349,0,0,0,0
743,2020-05-11,58,0,304,362,0,0,0,0
744,2020-05-10,44,0,223,267,0,0,0,0
745,2020-05-09,40,0,229,269,0,0,0,0
746,2020-05-08,50,0,352,402,0,0,0,0
747,2020-05-07,58,0,359,417,0,0,0,0
748,2020-05-06,68,0,383,451,0,0,0,0
749,2020-05-05,73,0,559,632,0,0,0,0
750,2020-05-04,82,0,445,527,0,0,0,0
751,2020-05-03,51,0,291,342,0,0,0,0
752,2020-05-02,46,0,334,380,0,0,0,0
753,2020-05-01,49,0,325,374,0,0,0,0
754,2020-04-30,53,0,442,495,0,0,0,0
755,2020-04-29,72,0,412,484,0,0,0,0
756,2020-04-28,98,0,596,694,0,0,0,0
757,2020-04-27,75,0,665,740,0,0,0,0
758,2020-04-26,71,0,424,495,0,0,0,0
759,2020-04-25,77,0,542,619,0,0,0,0
760,2020-04-24,97,0,730,827,0,0,0,0
761,2020-04-23,124,0,890,1014,0,0,0,0
762,2020-04-22,118,0,1036,1154,0,0,0,0
763,2020-04-21,159,0,1212,1371,0,0,0,0
764,2020-04-20,197,0,1638,1835,0,0,0,0
765,2020-04-19,127,0,497,624,0,0,0,0
766,2020-04-18,97,0,460,557,0,0,0,0
767,2020-04-17,126,0,712,838,0,0,0,0
768,2020-04-16,149,0,754,903,0,0,0,0
769,2020-04-15,150,0,802,952,0,0,0,0
770,2020-04-14,182,0,1022,1204,0,0,0,0
771,2020-04-13,225,0,1115,1340,0,0,0,0
772,2020-04-12,99,0,565,664,0,0,0,0
773,2020-04-11,168,0,923,1091,0,0,0,0
774,2020-04-10,250,0,1314,1564,0,0,0,0
775,2020-04-09,260,0,1316,1576,0,0,0,0
776,2020-04-08,272,0,1356,1628,0,0,0,0
777,2020-04-07,335,0,1350,1685,0,0,0,0
778,2020-04-06,427,0,1387,1814,0,0,0,0
779,2020-04-05,274,0,638,912,0,0,0,0
780,2020-04-04,295,0,569,864,0,0,0,0
781,2020-04-03,296,0,584,880,0,0,0,0
782,2020-04-02,269,0,553,822,0,0,0,0
783,2020-04-01,400,0,609,1009,0,0,0,0
784,2020-03-31,371,0,553,924,0,0,0,0
785,2020-03-30,367,0,656,1023,0,0,0,0
786,2020-03-29,245,0,590,835,0,0,0,0
787,2020-03-28,220,0,307,527,0,0,0,0
788,2020-03-27,358,0,506,864,0,0,0,0
789,2020-03-26,330,0,599,929,0,0,0,0
790,2020-03-25,363,0,575,938,0,0,0,0
791,2020-03-24,382,0,542,924,0,0,0,0
792,2020-03-23,446,0,693,1139,0,0,0,0
793,2020-03-22,266,0,545,811,0,0,0,0
794,2020-03-21,371,0,676,1047,0,0,0,0
795,2020-03-20,447,0,924,1371,0,0,0,0
796,2020-03-19,350,0,1013,1363,0,0,0,0
797,2020-03-18,267,0,930,1197,0,0,0,0
798,2020-03-17,178,0,695,873,0,0,0,0
799,2020-03-16,145,0,585,730,0,0,0,0
800,2020-03-15,65,0,241,306,0,0,0,0
801,2020-03-14,78,0,301,379,0,0,0,0
802,2020-03-13,94,0,345,439,0,0,0,0
803,2020-03-12,63,0,614,677,0,0,0,0
804,2020-03-11,81,0,364,445,0,0,0,0
805,2020-03-10,84,0,248,332,0,0,0,0
806,2020-03-09,98,0,378,476,0,0,0,0
807,2020-03-08,51,0,247,298,0,0,0,0
808,2020-03-07,75,0,232,307,0,0,0,0
809,2020-03-06,99,0,282,381,0,0,0,0
810,2020-03-05,83,0,214,297,0,0,0,0
811,2020-03-04,137,0,348,485,0,0,0,0
812,2020-03-03,148,0,358,506,0,0,0,0
813,2020-03-02,162,2,436,600,0,0,0,0
814,2020-03-01,98,5,327,430,0,0,0,0
815,2020-02-29,87,10,414,511,0,0,0,0
816,2020-02-28,11,14,346,371,0,0,0,0
817,2020-02-27,8,25,487,520,0,0,0,0
818,2020-02-26,15,21,485,521,0,0,0,0
819,2020-02-25,12,33,564,609,0,0,0,0
820,2020-02-24,13,34,651,698,0,0,0,0
821,2020-02-23,13,32,283,328,0,0,0,0
822,2020-02-22,33,30,381,444,0,0,0,0
823,2020-02-21,23,38,653,714,0,0,0,0
824,2020-02-20,35,39,722,796,0,0,0,0
825,2020-02-19,31,60,605,696,0,0,0,0
826,2020-02-18,42,64,726,832,0,0,0,0
827,2020-02-17,32,166,615,813,0,0,0,0
828,2020-02-16,30,76,6,112,0,0,0,0
829,2020-02-15,30,59,0,89,0,0,0,0
830,2020-02-14,27,45,0,72,0,0,0,0
831,2020-02-13,37,78,0,115,0,0,0,0
832,2020-02-12,44,84,0,128,0,0,0,0
833,2020-02-11,53,115,0,168,0,0,0,0
834,2020-02-10,94,111,0,205,0,0,0,0
835,2020-02-09,52,76,0,128,0,0,0,0
836,2020-02-08,71,154,0,225,0,0,0,0
837,2020-02-07,63,136,0,199,0,0,0,0
838,2020-02-06,51,26,0,77,0,0,0,0
839,2020-02-05,54,103,0,157,0,0,0,0
840,2020-02-04,76,27,0,103,0,0,0,0
841,2020-02-03,94,37,0,131,0,0,0,0
842,2020-02-02,57,7,0,64,0,0,0,0
843,2020-02-01,87,0,0,87,0,0,0,0
844,2020-01-31,93,0,0,93,0,0,0,0
845,2020-01-30,100,0,0,100,0,0,0,0
846,2020-01-29,106,0,0,106,0,0,0,0
847,2020-01-28,95,0,0,95,0,0,0,0
848,2020-01-27,123,0,0,123,0,0,0,0
849,2020-01-26,117,0,0,117,0,0,0,0
850,2020-01-25,91,0,0,91,0,0,0,0
851,2020-01-24,57,0,0,57,0,0,0,0
852,2020-01-23,70,0,0,70,0,0,0,0
853,2020-01-22,44,0,0,44,0,0,0,0
854,2020-01-21,12,0,0,12,0,0,0,0
855,2020-01-20,2,0,0,2,0,0,0,0
856,2020-01-19,1,0,0,1,0,0,0,0
857,2020-01-18,1,0,0,1,0,0,0,0
858,2020-01-17,0,0,0,0,0,0,0,0
859,2020-01-16,4,0,0,4,0,0,0,0
860,2020-01-15,0,0,0,0,0,0,0,0
